BOAMP_AVIS_NUM,D_07_01_Publicationanterieure_Oui,D_07_02_Publicationanterieure_Referencepublication,D_07_02_01_Publicationanterieure_Referencepublication_Publicationpapier,D_07_02_02_Publicationanterieure_Referencepublication_Publicationelectronique,D_07_02_03_Publicationanterieure_Referencepublication_Publicationjoue,D_07_02_03_01_Publicationanterieure_Referencepublication_Publicationjoue_Nature,D_07_02_03_01_01_Publicationanterieure_Referencepublication_Publicationjoue_Nature_Avispreinformation,D_07_02_03_01_02_Publicationanterieure_Referencepublication_Publicationjoue_Nature_Avisperiodique,D_07_02_03_01_03_Publicationanterieure_Referencepublication_Publicationjoue_Nature_Avissystemqualif,D_07_02_03_01_04_Publicationanterieure_Referencepublication_Publicationjoue_Nature_Avisprofilacheteur,D_07_02_03_01_05_Publicationanterieure_Referencepublication_Publicationjoue_Nature_Avisexantevolontaire,D_07_02_03_01_06_Publicationanterieure_Referencepublication_Publicationjoue_Nature_Avismarche,D_07_02_03_01_07_Publicationanterieure_Referencepublication_Publicationjoue_Nature_Avissad,D_07_02_03_01_08_Publicationanterieure_Referencepublication_Publicationjoue_Nature_Avisconcours,D_07_02_03_01_09_Publicationanterieure_Referencepublication_Publicationjoue_Nature_Avisattribution,D_07_02_03_01_10_Publicationanterieure_Referencepublication_Publicationjoue_Nature_Autrespublcationsanterieures,D_07_02_03_02_Publicationanterieure_Referencepublication_Publicationjoue_Annee,D_07_02_03_03_Publicationanterieure_Referencepublication_Publicationjoue_Numparution,D_07_02_03_04_Publicationanterieure_Referencepublication_Publicationjoue_Numannonce,D_07_02_03_05_Publicationanterieure_Referencepublication_Publicationjoue_Datepublication,D_07_03_Publicationanterieure_Non
21-58191,True,CF_NIV_SUIV,[],,CF_NIV_SUIV,CF_NIV_SUIV,False,False,,False,False,True,,,False,False,2021.0,7.0,10435.0,2021-01-11 23:00:00,False
21-58192,True,CF_NIV_SUIV,[],,CF_NIV_SUIV,CF_NIV_SUIV,False,False,,False,False,False,,,False,False,2020.0,195.0,472110.0,2020-10-06 22:00:00,False
21-58209,True,CF_NIV_SUIV,[],,CF_NIV_SUIV,CF_NIV_SUIV,False,False,,False,False,False,,,False,False,2020.0,228.0,562031.0,2020-11-22 23:00:00,False
21-58221,True,CF_NIV_SUIV,[],,CF_NIV_SUIV,CF_NIV_SUIV,False,False,,False,False,False,,,False,False,2017.0,173.0,354746.0,,False
21-58226,True,CF_NIV_SUIV,[],,CF_NIV_SUIV,CF_NIV_SUIV,False,False,,False,False,True,,,False,False,2020.0,219.0,537996.0,2020-11-09 23:00:00,False
21-58238,True,CF_NIV_SUIV,[],,CF_NIV_SUIV,CF_NIV_SUIV,False,False,,False,False,False,,,False,False,2020.0,249.0,619404.0,2020-12-21 23:00:00,False
21-58240,True,CF_NIV_SUIV,[],,CF_NIV_SUIV,CF_NIV_SUIV,False,False,,False,False,True,,,False,False,2021.0,84.0,215972.0,2021-04-29 22:00:00,False
21-58244,True,CF_NIV_SUIV,[],,CF_NIV_SUIV,CF_NIV_SUIV,False,False,,False,False,False,,,False,False,2021.0,7.0,12683.0,2021-01-11 23:00:00,False
21-58247,True,CF_NIV_SUIV,[],,CF_NIV_SUIV,CF_NIV_SUIV,False,False,,False,False,False,,,False,False,2021.0,30.0,73633.0,2021-02-11 23:00:00,False
21-58259,True,CF_NIV_SUIV,[],,CF_NIV_SUIV,CF_NIV_SUIV,False,False,,False,False,False,,,False,False,2020.0,146.0,358637.0,2020-07-29 22:00:00,False
21-58264,True,CF_NIV_SUIV,[],,CF_NIV_SUIV,CF_NIV_SUIV,False,False,,False,False,False,,,False,False,2021.0,12.0,24299.0,2021-01-18 23:00:00,False
21-58272,True,CF_NIV_SUIV,[],,CF_NIV_SUIV,CF_NIV_SUIV,False,False,,False,False,False,,,False,False,2021.0,13.0,28010.0,2021-04-29 22:00:00,False
21-58278,True,CF_NIV_SUIV,[],,CF_NIV_SUIV,CF_NIV_SUIV,False,False,,False,False,False,,,False,False,2020.0,232.0,569818.0,2020-11-25 23:00:00,False
21-58279,True,CF_NIV_SUIV,[],,CF_NIV_SUIV,CF_NIV_SUIV,False,False,,False,False,False,,,False,False,2021.0,15.0,30743.0,2021-01-21 23:00:00,False
21-58314,True,CF_NIV_SUIV,[],,CF_NIV_SUIV,CF_NIV_SUIV,False,False,,False,False,False,,,False,False,2020.0,144.0,353832.0,2020-07-25 22:00:00,False
21-58317,True,CF_NIV_SUIV,[],,CF_NIV_SUIV,CF_NIV_SUIV,False,False,,False,False,False,,,False,False,2020.0,248.0,617593.0,2020-12-20 23:00:00,False
21-58334,True,CF_NIV_SUIV,[],,CF_NIV_SUIV,CF_NIV_SUIV,False,False,,False,False,False,,,False,False,2020.0,164.0,398889.0,2020-08-19 22:00:00,False
21-58336,True,CF_NIV_SUIV,[],,CF_NIV_SUIV,CF_NIV_SUIV,False,False,,False,False,False,,,False,False,2021.0,84.0,215968.0,2021-04-29 22:00:00,False
21-58345,True,CF_NIV_SUIV,[],,CF_NIV_SUIV,CF_NIV_SUIV,False,False,,False,False,False,,,False,False,2021.0,57.0,143232.0,2021-03-22 23:00:00,False
21-58368,True,CF_NIV_SUIV,[],,CF_NIV_SUIV,CF_NIV_SUIV,False,False,,False,False,False,,,False,False,2020.0,116.0,282008.0,2020-06-16 22:00:00,False
21-58375,True,CF_NIV_SUIV,[],,CF_NIV_SUIV,CF_NIV_SUIV,False,False,,False,False,False,,,False,False,2021.0,6.0,9520.0,2021-01-10 23:00:00,False
21-58382,True,CF_NIV_SUIV,[],,CF_NIV_SUIV,CF_NIV_SUIV,False,False,,False,False,False,,,False,False,2020.0,180.0,434663.0,2020-09-13 22:00:00,False
21-58384,True,CF_NIV_SUIV,[],,CF_NIV_SUIV,CF_NIV_SUIV,False,False,,False,False,False,,,False,False,2021.0,18.0,41593.0,2021-01-26 23:00:00,False
21-58386,True,CF_NIV_SUIV,[],,CF_NIV_SUIV,CF_NIV_SUIV,False,False,,False,False,False,,,False,False,2021.0,16.0,37492.0,2021-01-24 23:00:00,False
21-58394,True,CF_NIV_SUIV,[],,CF_NIV_SUIV,CF_NIV_SUIV,False,False,,False,False,True,,,False,False,2021.0,13.0,27803.0,2021-01-19 23:00:00,False
21-58400,True,CF_NIV_SUIV,[],,CF_NIV_SUIV,CF_NIV_SUIV,False,False,,False,False,False,,,True,False,2019.0,75.0,177659.0,2019-04-15 22:00:00,False
21-58412,True,CF_NIV_SUIV,[],,CF_NIV_SUIV,CF_NIV_SUIV,False,False,,False,False,True,,,False,False,2020.0,250.0,626523.0,2020-12-22 23:00:00,False
21-58420,True,CF_NIV_SUIV,[],,CF_NIV_SUIV,CF_NIV_SUIV,False,False,,False,False,False,,,False,False,2020.0,177.0,426871.0,2020-09-10 22:00:00,False
21-58430,True,CF_NIV_SUIV,[],,CF_NIV_SUIV,CF_NIV_SUIV,False,False,,False,False,False,,,False,False,2021.0,11.0,21565.0,2021-01-17 23:00:00,False
21-58432,True,CF_NIV_SUIV,[],,CF_NIV_SUIV,CF_NIV_SUIV,False,False,,False,False,False,,,False,False,2021.0,21.0,50095.0,2021-01-31 23:00:00,False
21-58436,True,CF_NIV_SUIV,[],,CF_NIV_SUIV,CF_NIV_SUIV,False,False,,False,False,True,,,False,False,2020.0,235.0,580361.0,2020-12-01 23:00:00,False
21-58471,True,CF_NIV_SUIV,[],,CF_NIV_SUIV,CF_NIV_SUIV,False,False,,False,False,False,,,False,False,2021.0,15.0,32308.0,2021-01-20 23:00:00,False
21-58472,True,CF_NIV_SUIV,[],,CF_NIV_SUIV,CF_NIV_SUIV,False,False,,False,False,False,,,False,False,2020.0,249.0,619986.0,2020-12-21 23:00:00,False
21-58479,True,CF_NIV_SUIV,[],,CF_NIV_SUIV,CF_NIV_SUIV,False,False,,False,False,False,,,False,False,2021.0,20.0,45873.0,2021-01-27 23:00:00,False
21-58480,True,CF_NIV_SUIV,[],,CF_NIV_SUIV,CF_NIV_SUIV,False,False,,False,False,False,,,False,False,2020.0,139.0,342575.0,2020-09-07 22:00:00,False
21-58506,True,CF_NIV_SUIV,[],,CF_NIV_SUIV,CF_NIV_SUIV,False,False,,False,False,False,,,False,False,2021.0,5.0,3677.0,2021-01-07 23:00:00,False
21-58507,True,CF_NIV_SUIV,[],,CF_NIV_SUIV,CF_NIV_SUIV,False,False,,False,False,False,,,False,False,2020.0,251.0,631424.0,2020-12-23 23:00:00,False
21-58531,True,CF_NIV_SUIV,[],,CF_NIV_SUIV,CF_NIV_SUIV,False,False,,False,False,False,,,False,False,2020.0,207.0,501043.0,2020-10-22 22:00:00,False
21-58537,True,CF_NIV_SUIV,[],,CF_NIV_SUIV,CF_NIV_SUIV,False,False,,False,False,False,,,False,False,2020.0,207.0,501043.0,2020-10-22 22:00:00,False
21-58538,True,CF_NIV_SUIV,[],,CF_NIV_SUIV,CF_NIV_SUIV,False,False,,False,False,False,,,False,False,2021.0,6.0,9590.0,2021-01-10 23:00:00,False
21-58545,True,CF_NIV_SUIV,[],,CF_NIV_SUIV,CF_NIV_SUIV,False,False,,False,False,False,,,False,False,2021.0,7.0,10846.0,2021-01-11 23:00:00,False
21-58546,True,CF_NIV_SUIV,[],,CF_NIV_SUIV,CF_NIV_SUIV,False,False,,False,False,False,,,False,False,2020.0,252.0,636591.0,2020-12-27 23:00:00,False
21-58561,True,CF_NIV_SUIV,[],,CF_NIV_SUIV,CF_NIV_SUIV,False,False,,False,False,False,,,False,False,2020.0,245.0,607656.0,2020-12-10 23:00:00,False
21-58563,True,CF_NIV_SUIV,[],,CF_NIV_SUIV,CF_NIV_SUIV,False,False,,False,False,False,,,False,False,2020.0,205.0,498272.0,2020-10-15 22:00:00,False
21-58567,True,CF_NIV_SUIV,[],,CF_NIV_SUIV,CF_NIV_SUIV,False,False,,False,False,False,,,False,False,2021.0,5.0,3693.0,2021-01-04 23:00:00,False
21-58570,True,CF_NIV_SUIV,[],,CF_NIV_SUIV,CF_NIV_SUIV,False,False,,False,False,False,,,False,False,2019.0,1.0,362685.0,2019-07-24 22:00:00,False
21-58578,True,CF_NIV_SUIV,[],,CF_NIV_SUIV,CF_NIV_SUIV,False,False,,False,False,False,,,False,False,2021.0,15.0,32286.0,2021-01-21 23:00:00,False
21-58582,True,CF_NIV_SUIV,[],,CF_NIV_SUIV,CF_NIV_SUIV,False,False,,False,False,False,,,False,False,2018.0,50.0,110813.0,,False
21-58585,True,CF_NIV_SUIV,[],,CF_NIV_SUIV,CF_NIV_SUIV,False,False,,False,False,False,,,False,False,2021.0,10.0,16542.0,2021-01-14 23:00:00,False
21-58589,True,CF_NIV_SUIV,[],,CF_NIV_SUIV,CF_NIV_SUIV,False,False,,False,False,False,,,False,False,2021.0,11.0,22494.0,2021-01-12 23:00:00,False
21-58594,True,CF_NIV_SUIV,[],,CF_NIV_SUIV,CF_NIV_SUIV,False,False,,False,False,True,,,False,False,2021.0,5.0,6243.0,2021-01-07 23:00:00,False
17-2224,True,CF_NIV_SUIV,[],,CF_NIV_SUIV,CF_NIV_SUIV,False,False,,False,False,True,,,False,False,2016.0,134.0,241135.0,2016-07-13 22:00:00,False
21-58612,True,CF_NIV_SUIV,[],,CF_NIV_SUIV,CF_NIV_SUIV,False,False,,False,False,False,,,False,False,2019.0,101.0,244920.0,2019-05-26 22:00:00,False
21-58616,True,CF_NIV_SUIV,[],,CF_NIV_SUIV,CF_NIV_SUIV,False,False,,False,False,True,,,False,False,2020.0,250.0,623510.0,2020-12-22 23:00:00,False
21-58645,True,CF_NIV_SUIV,[],,CF_NIV_SUIV,CF_NIV_SUIV,False,False,,False,False,False,,,False,False,2019.0,66.0,155409.0,2019-04-02 22:00:00,False
21-58649,True,CF_NIV_SUIV,[],,CF_NIV_SUIV,CF_NIV_SUIV,False,False,,False,False,False,,,False,False,2021.0,20.0,45933.0,2021-01-28 23:00:00,False
21-58651,True,CF_NIV_SUIV,[],,CF_NIV_SUIV,CF_NIV_SUIV,False,False,,False,False,False,,,False,False,2020.0,210.0,512418.0,2020-10-27 23:00:00,False
21-58655,True,CF_NIV_SUIV,[],,CF_NIV_SUIV,CF_NIV_SUIV,False,False,,False,False,False,,,False,False,2020.0,244.0,603822.0,2020-12-14 23:00:00,False
21-58664,True,CF_NIV_SUIV,[],,CF_NIV_SUIV,CF_NIV_SUIV,False,False,,False,False,True,,,False,False,2020.0,172.0,415247.0,2020-09-03 22:00:00,False
21-58680,True,CF_NIV_SUIV,[],,CF_NIV_SUIV,CF_NIV_SUIV,False,False,,False,False,False,,,False,False,2020.0,141.0,345794.0,2020-07-22 22:00:00,False
21-58695,True,CF_NIV_SUIV,[],,CF_NIV_SUIV,CF_NIV_SUIV,False,False,,False,False,True,,,False,False,2019.0,164.0,403707.0,2019-08-26 22:00:00,False
21-58714,True,CF_NIV_SUIV,[],,CF_NIV_SUIV,CF_NIV_SUIV,False,False,,False,False,True,,,False,False,2020.0,204.0,496626.0,2020-10-19 22:00:00,False
21-58718,True,CF_NIV_SUIV,[],,CF_NIV_SUIV,CF_NIV_SUIV,False,False,,False,False,False,,,False,False,2020.0,150.0,368074.0,2020-08-04 22:00:00,False
21-58719,True,CF_NIV_SUIV,[],,CF_NIV_SUIV,CF_NIV_SUIV,False,False,,False,False,False,,,False,False,2020.0,165.0,401362.0,2020-08-25 22:00:00,False
21-58728,True,CF_NIV_SUIV,[],,CF_NIV_SUIV,CF_NIV_SUIV,False,False,,False,False,True,,,False,False,2019.0,164.0,403708.0,2019-08-26 22:00:00,False
21-58733,True,CF_NIV_SUIV,[],,CF_NIV_SUIV,CF_NIV_SUIV,False,False,,False,False,False,,,False,False,2021.0,25.0,60713.0,2021-02-04 23:00:00,False
21-58747,True,CF_NIV_SUIV,[],,CF_NIV_SUIV,CF_NIV_SUIV,False,False,,False,False,False,,,False,False,2020.0,160.0,390128.0,2020-08-18 22:00:00,False
21-58773,True,CF_NIV_SUIV,[],,CF_NIV_SUIV,CF_NIV_SUIV,False,False,,False,False,False,,,False,False,2021.0,13.0,27801.0,2021-01-19 23:00:00,False
21-58790,True,CF_NIV_SUIV,[],,CF_NIV_SUIV,CF_NIV_SUIV,False,False,,False,False,False,,,False,False,2020.0,105.0,254245.0,2020-06-01 22:00:00,False
21-58804,True,CF_NIV_SUIV,[],,CF_NIV_SUIV,CF_NIV_SUIV,False,False,,False,False,False,,,False,False,2018.0,220.0,502761.0,2018-11-14 23:00:00,False
21-58867,True,CF_NIV_SUIV,[],,CF_NIV_SUIV,CF_NIV_SUIV,False,False,,False,False,False,,,False,False,2021.0,2.0,2824.0,2021-01-04 23:00:00,False
21-58906,True,CF_NIV_SUIV,[],,CF_NIV_SUIV,CF_NIV_SUIV,False,False,,False,False,False,,,False,False,2021.0,22.0,52931.0,2021-01-31 23:00:00,False
21-58909,True,CF_NIV_SUIV,[],,CF_NIV_SUIV,CF_NIV_SUIV,False,False,,False,False,True,,,False,False,2021.0,15.0,30505.0,2021-01-21 23:00:00,False
21-58920,True,CF_NIV_SUIV,[],,CF_NIV_SUIV,CF_NIV_SUIV,False,False,,False,False,False,,,False,False,2020.0,247.0,613013.0,2020-12-17 23:00:00,False
21-58931,True,CF_NIV_SUIV,[],,CF_NIV_SUIV,CF_NIV_SUIV,False,False,,False,False,False,,,False,False,2021.0,27.0,66141.0,2021-02-08 23:00:00,False
21-58934,True,CF_NIV_SUIV,[],,CF_NIV_SUIV,CF_NIV_SUIV,False,False,,False,False,True,,,False,False,2020.0,219.0,537983.0,2020-11-09 23:00:00,False
21-58945,True,CF_NIV_SUIV,[],,CF_NIV_SUIV,CF_NIV_SUIV,False,False,,False,False,False,,,False,False,2021.0,23.0,55874.0,2021-02-01 23:00:00,False
21-58949,True,CF_NIV_SUIV,[],,CF_NIV_SUIV,CF_NIV_SUIV,False,False,,False,False,False,,,False,False,2020.0,252.0,636585.0,2020-12-27 23:00:00,False
21-58957,True,CF_NIV_SUIV,[],,CF_NIV_SUIV,CF_NIV_SUIV,False,False,,False,False,False,,,False,False,2021.0,12.0,25095.0,2021-01-18 23:00:00,False
21-58959,True,CF_NIV_SUIV,[],,CF_NIV_SUIV,CF_NIV_SUIV,False,False,,False,False,False,,,False,False,2021.0,20.0,46236.0,2021-01-28 23:00:00,False
21-58961,True,CF_NIV_SUIV,[],,CF_NIV_SUIV,CF_NIV_SUIV,False,False,,False,False,False,,,False,False,2020.0,243.0,601018.0,2021-12-13 23:00:00,False
21-58964,True,CF_NIV_SUIV,[],,CF_NIV_SUIV,CF_NIV_SUIV,False,False,,False,False,False,,,False,False,2021.0,63.0,159966.0,2021-03-30 22:00:00,False
21-58978,True,CF_NIV_SUIV,[],,CF_NIV_SUIV,CF_NIV_SUIV,False,False,,False,False,False,,,False,False,2020.0,182.0,440395.0,2020-09-17 22:00:00,False
21-58981,True,CF_NIV_SUIV,[],,CF_NIV_SUIV,CF_NIV_SUIV,False,False,,False,False,False,,,False,False,2021.0,15.0,32503.0,2021-01-21 23:00:00,False
21-58982,True,CF_NIV_SUIV,[],,CF_NIV_SUIV,CF_NIV_SUIV,False,False,,False,False,False,,,False,False,2021.0,20.0,46070.0,2021-01-28 23:00:00,False
21-58987,True,CF_NIV_SUIV,[],,CF_NIV_SUIV,CF_NIV_SUIV,False,False,,False,False,False,,,False,False,2020.0,219.0,537890.0,2020-11-06 23:00:00,False
21-58991,True,CF_NIV_SUIV,[],,CF_NIV_SUIV,CF_NIV_SUIV,False,False,,False,False,False,,,False,False,2021.0,45.0,110481.0,2021-03-01 23:00:00,False
21-58997,True,CF_NIV_SUIV,[],,CF_NIV_SUIV,CF_NIV_SUIV,False,False,,False,False,False,,,False,False,2020.0,251.0,627323.0,2020-12-23 23:00:00,False
21-59000,True,CF_NIV_SUIV,[],,CF_NIV_SUIV,CF_NIV_SUIV,False,False,,False,False,False,,,False,False,2020.0,238.0,588291.0,2020-12-06 23:00:00,False
21-59001,True,CF_NIV_SUIV,[],,CF_NIV_SUIV,CF_NIV_SUIV,False,False,,False,False,False,,,False,False,2020.0,232.0,569537.0,2020-11-26 23:00:00,False
21-59014,True,CF_NIV_SUIV,[],,CF_NIV_SUIV,CF_NIV_SUIV,False,False,,False,False,False,,,False,False,2020.0,247.0,612726.0,2020-12-17 23:00:00,False
21-59018,True,CF_NIV_SUIV,[],,CF_NIV_SUIV,CF_NIV_SUIV,False,False,,False,False,False,,,False,False,2021.0,7.0,10442.0,2021-01-11 23:00:00,False
21-59025,True,CF_NIV_SUIV,[],,CF_NIV_SUIV,CF_NIV_SUIV,False,False,,False,False,False,,,False,False,2021.0,8.0,13016.0,2021-01-12 23:00:00,False
21-59057,True,CF_NIV_SUIV,[],,CF_NIV_SUIV,CF_NIV_SUIV,False,False,,False,False,False,,,False,False,2020.0,227.0,559740.0,2020-11-16 23:00:00,False
21-59061,True,CF_NIV_SUIV,[],,CF_NIV_SUIV,CF_NIV_SUIV,False,False,,False,False,False,,,False,False,2020.0,135.0,331931.0,2020-07-11 22:00:00,False
21-59083,True,CF_NIV_SUIV,[],,CF_NIV_SUIV,CF_NIV_SUIV,False,False,,False,False,False,,,False,False,2020.0,251.0,630717.0,2020-12-23 23:00:00,False
21-59085,True,CF_NIV_SUIV,[],,CF_NIV_SUIV,CF_NIV_SUIV,False,False,,False,False,False,,,False,False,2021.0,22.0,52792.0,2021-02-01 23:00:00,False
21-59086,True,CF_NIV_SUIV,[],,CF_NIV_SUIV,CF_NIV_SUIV,False,False,,False,False,False,,,False,False,2021.0,35.0,86431.0,2021-02-18 23:00:00,False
21-59087,True,CF_NIV_SUIV,[],,CF_NIV_SUIV,CF_NIV_SUIV,False,False,,False,False,False,,,False,False,2021.0,36.0,89566.0,2021-02-21 23:00:00,False
21-59089,True,CF_NIV_SUIV,[],,CF_NIV_SUIV,CF_NIV_SUIV,False,False,,False,False,False,,,False,False,2021.0,40.0,98933.0,2021-02-25 23:00:00,False
21-59094,True,CF_NIV_SUIV,[],,CF_NIV_SUIV,CF_NIV_SUIV,False,False,,False,False,False,,,False,False,2020.0,239.0,589670.0,2020-12-02 23:00:00,False
21-59095,True,CF_NIV_SUIV,[],,CF_NIV_SUIV,CF_NIV_SUIV,False,False,,False,False,False,,,False,False,2021.0,7.0,11748.0,2021-01-11 23:00:00,False
21-59111,True,CF_NIV_SUIV,[],,CF_NIV_SUIV,CF_NIV_SUIV,False,False,,False,False,False,,,False,False,2020.0,239.0,590924.0,2020-12-07 23:00:00,False
21-59126,True,CF_NIV_SUIV,[],,CF_NIV_SUIV,CF_NIV_SUIV,False,False,,False,False,True,,,False,False,2021.0,13.0,26595.0,2021-01-19 23:00:00,False
21-59142,True,CF_NIV_SUIV,[],,CF_NIV_SUIV,CF_NIV_SUIV,False,False,,False,False,False,,,False,False,2020.0,247.0,612999.0,2020-12-17 23:00:00,False
21-59144,True,CF_NIV_SUIV,[],,CF_NIV_SUIV,CF_NIV_SUIV,False,False,,False,False,False,,,False,False,2021.0,10.0,18445.0,2021-01-14 23:00:00,False
21-59153,True,CF_NIV_SUIV,[],,CF_NIV_SUIV,CF_NIV_SUIV,False,False,,False,False,False,,,False,False,2019.0,230.0,564441.0,2019-11-27 23:00:00,False
21-59177,True,CF_NIV_SUIV,[],,CF_NIV_SUIV,CF_NIV_SUIV,False,False,,False,False,False,,,False,False,2020.0,240.0,593622.0,2020-12-03 23:00:00,False
21-59189,True,CF_NIV_SUIV,[],,CF_NIV_SUIV,CF_NIV_SUIV,False,False,,False,False,False,,,False,False,2021.0,30.0,73566.0,2021-02-11 23:00:00,False
21-59194,False,CF_NIV_SUIV,,,CF_NIV_SUIV,CF_NIV_SUIV,False,False,,False,False,False,,,False,False,,,,,True
21-59217,True,CF_NIV_SUIV,[],,CF_NIV_SUIV,CF_NIV_SUIV,False,False,,False,False,False,,,False,False,2020.0,205.0,499237.0,2020-10-20 22:00:00,False
21-59220,True,CF_NIV_SUIV,[],,CF_NIV_SUIV,CF_NIV_SUIV,False,False,,False,False,False,,,False,False,2021.0,15.0,32525.0,2021-01-21 23:00:00,False
21-59226,True,CF_NIV_SUIV,[],,CF_NIV_SUIV,CF_NIV_SUIV,False,False,,False,False,False,,,False,False,2021.0,17.0,38316.0,2021-01-25 23:00:00,False
21-59227,True,CF_NIV_SUIV,[],,CF_NIV_SUIV,CF_NIV_SUIV,False,False,,False,False,False,,,False,False,2021.0,6.0,9588.0,2021-01-10 23:00:00,False
21-59230,True,CF_NIV_SUIV,[],,CF_NIV_SUIV,CF_NIV_SUIV,False,False,,False,False,False,,,False,False,2021.0,22.0,52933.0,2021-02-01 23:00:00,False
21-59242,True,CF_NIV_SUIV,[],,CF_NIV_SUIV,CF_NIV_SUIV,False,False,,False,False,False,,,False,False,2020.0,149.0,364605.0,2020-07-29 22:00:00,False
21-59246,True,CF_NIV_SUIV,[],,CF_NIV_SUIV,CF_NIV_SUIV,False,False,,False,False,False,,,False,False,2020.0,99.0,236874.0,2020-05-21 22:00:00,False
21-59247,True,CF_NIV_SUIV,[],,CF_NIV_SUIV,CF_NIV_SUIV,False,False,,False,False,True,,,False,False,2021.0,33.0,82602.0,2021-02-16 23:00:00,False
21-59302,True,CF_NIV_SUIV,[],,CF_NIV_SUIV,CF_NIV_SUIV,False,False,,False,False,False,,,False,False,2020.0,252.0,636291.0,2020-12-27 23:00:00,False
21-59320,True,CF_NIV_SUIV,[],,CF_NIV_SUIV,CF_NIV_SUIV,False,False,,False,False,False,,,False,False,2020.0,185.0,445911.0,2020-09-22 22:00:00,False
21-59323,True,CF_NIV_SUIV,[],,CF_NIV_SUIV,CF_NIV_SUIV,False,False,,False,False,False,,,False,False,2020.0,251.0,630835.0,2020-12-23 23:00:00,False
21-59336,True,CF_NIV_SUIV,[],,CF_NIV_SUIV,CF_NIV_SUIV,False,False,,False,False,False,,,False,False,2020.0,230.0,567025.0,2021-11-19 23:00:00,False
21-59342,True,CF_NIV_SUIV,[],,CF_NIV_SUIV,CF_NIV_SUIV,False,False,,False,False,False,,,False,False,2020.0,247.0,610492.0,2020-12-17 23:00:00,False
21-59352,True,CF_NIV_SUIV,[],,CF_NIV_SUIV,CF_NIV_SUIV,False,False,,False,False,False,,,False,False,2021.0,27.0,67004.0,2021-02-07 23:00:00,False
21-59364,True,CF_NIV_SUIV,[],,CF_NIV_SUIV,CF_NIV_SUIV,False,False,,False,False,False,,,False,False,2019.0,226.0,553262.0,2019-11-21 23:00:00,False
21-59366,True,CF_NIV_SUIV,[],,CF_NIV_SUIV,CF_NIV_SUIV,False,False,,False,False,False,,,False,False,2021.0,13.0,27842.0,2021-01-14 23:00:00,False
21-59370,True,CF_NIV_SUIV,[],,CF_NIV_SUIV,CF_NIV_SUIV,False,False,,False,False,False,,,False,False,2020.0,224.0,550790.0,2020-11-16 23:00:00,False
21-59373,True,CF_NIV_SUIV,[],,CF_NIV_SUIV,CF_NIV_SUIV,False,False,,False,False,False,,,False,False,2020.0,243.0,601032.0,2020-12-13 23:00:00,False
21-59381,True,CF_NIV_SUIV,[],,CF_NIV_SUIV,CF_NIV_SUIV,False,False,,False,False,False,,,False,False,2020.0,98.0,234459.0,2020-05-19 22:00:00,False
21-59390,True,CF_NIV_SUIV,[],,CF_NIV_SUIV,CF_NIV_SUIV,False,False,,False,False,False,,,False,False,2021.0,20.0,45997.0,2021-01-28 23:00:00,False
21-59408,True,CF_NIV_SUIV,[],,CF_NIV_SUIV,CF_NIV_SUIV,False,False,,False,False,True,,,False,False,2021.0,10.0,18184.0,2021-01-14 23:00:00,False
21-59416,True,CF_NIV_SUIV,[],,CF_NIV_SUIV,CF_NIV_SUIV,False,False,,False,False,True,,,False,False,2020.0,247.0,609729.0,2020-12-17 23:00:00,False
21-59426,True,CF_NIV_SUIV,[],,CF_NIV_SUIV,CF_NIV_SUIV,False,False,,False,False,False,,,False,False,2020.0,202.0,489779.0,2020-10-15 22:00:00,False
21-59427,True,CF_NIV_SUIV,[],,CF_NIV_SUIV,CF_NIV_SUIV,False,False,,False,False,False,,,False,False,2020.0,250.0,625027.0,2020-12-22 23:00:00,False
21-59432,True,CF_NIV_SUIV,[],,CF_NIV_SUIV,CF_NIV_SUIV,False,False,,False,False,False,,,False,False,2021.0,21.0,50088.0,2021-01-31 23:00:00,False
21-59433,True,CF_NIV_SUIV,[],,CF_NIV_SUIV,CF_NIV_SUIV,False,False,,False,False,False,,,False,False,2021.0,27.0,66845.0,2021-02-08 23:00:00,False
21-59436,True,CF_NIV_SUIV,[],,CF_NIV_SUIV,CF_NIV_SUIV,False,False,,False,False,False,,,False,False,2021.0,74.0,188008.0,2021-04-15 22:00:00,False
21-59446,True,CF_NIV_SUIV,[],,CF_NIV_SUIV,CF_NIV_SUIV,False,False,,False,False,False,,,False,False,2020.0,245.0,608741.0,2020-12-10 23:00:00,False
21-59451,True,CF_NIV_SUIV,[],,CF_NIV_SUIV,CF_NIV_SUIV,False,False,,False,False,False,,,False,False,2021.0,37.0,92762.0,2021-02-22 23:00:00,False
21-59463,True,CF_NIV_SUIV,[],,CF_NIV_SUIV,CF_NIV_SUIV,False,False,,False,False,False,,,False,False,2021.0,76.0,195205.0,,False
21-59471,True,CF_NIV_SUIV,[],,CF_NIV_SUIV,CF_NIV_SUIV,False,False,,False,False,False,,,False,False,2021.0,17.0,39195.0,2021-01-25 23:00:00,False
21-59512,True,CF_NIV_SUIV,[],,CF_NIV_SUIV,CF_NIV_SUIV,False,False,,False,False,False,,,False,False,2020.0,251.0,630595.0,2020-12-20 23:00:00,False
21-59523,True,CF_NIV_SUIV,[],,CF_NIV_SUIV,CF_NIV_SUIV,False,False,,False,False,False,,,False,False,2021.0,22.0,52954.0,2021-02-01 23:00:00,False
21-59530,True,CF_NIV_SUIV,[],,CF_NIV_SUIV,CF_NIV_SUIV,False,False,,False,False,False,,,False,False,2020.0,252.0,636622.0,2020-12-27 23:00:00,False
21-59532,True,CF_NIV_SUIV,[],,CF_NIV_SUIV,CF_NIV_SUIV,False,False,,False,False,False,,,False,False,2021.0,20.0,44355.0,2021-01-28 23:00:00,False
21-50505,True,CF_NIV_SUIV,[],,CF_NIV_SUIV,CF_NIV_SUIV,False,False,,False,False,True,,,False,False,2021.0,26.0,65192.0,2021-02-07 23:00:00,False
21-59560,True,CF_NIV_SUIV,[],,CF_NIV_SUIV,CF_NIV_SUIV,False,False,,False,False,False,,,False,False,2020.0,244.0,604632.0,2020-12-14 23:00:00,False
21-59576,True,CF_NIV_SUIV,[],,CF_NIV_SUIV,CF_NIV_SUIV,False,False,,False,False,False,,,False,False,2021.0,7.0,10471.0,2021-01-11 23:00:00,False
21-59595,True,CF_NIV_SUIV,[],,CF_NIV_SUIV,CF_NIV_SUIV,False,False,,False,False,False,,,False,False,2020.0,120.0,292435.0,2020-06-23 22:00:00,False
21-59599,True,CF_NIV_SUIV,[],,CF_NIV_SUIV,CF_NIV_SUIV,False,False,,False,False,False,,,False,False,2021.0,25.0,58847.0,2021-02-04 23:00:00,False
21-59618,True,CF_NIV_SUIV,[],,CF_NIV_SUIV,CF_NIV_SUIV,False,False,,False,False,False,,,False,False,2020.0,247.0,613033.0,2020-12-17 23:00:00,False
21-59630,True,CF_NIV_SUIV,[],,CF_NIV_SUIV,CF_NIV_SUIV,False,False,,False,False,False,,,False,False,2020.0,184.0,444267.0,2020-09-16 22:00:00,False
21-59632,True,CF_NIV_SUIV,[],,CF_NIV_SUIV,CF_NIV_SUIV,False,False,,False,False,False,,,False,False,2021.0,5.0,3581.0,,False
21-59633,True,CF_NIV_SUIV,[],,CF_NIV_SUIV,CF_NIV_SUIV,False,False,,False,False,False,,,False,False,2020.0,242.0,596179.0,2020-12-10 23:00:00,False
