,BOAMP_AVIS_NUM,D_07_01_Publicationanterieure_Oui,D_07_02_Publicationanterieure_Referencepublication,D_07_02_01_Publicationanterieure_Referencepublication_Publicationpapier,D_07_02_02_Publicationanterieure_Referencepublication_Publicationelectronique,D_07_02_03_Publicationanterieure_Referencepublication_Publicationjoue,D_07_02_03_01_Publicationanterieure_Referencepublication_Publicationjoue_Nature,D_07_02_03_01_01_Publicationanterieure_Referencepublication_Publicationjoue_Nature_Avispreinformation,D_07_02_03_01_02_Publicationanterieure_Referencepublication_Publicationjoue_Nature_Avisperiodique,D_07_02_03_01_03_Publicationanterieure_Referencepublication_Publicationjoue_Nature_Avissystemqualif,D_07_02_03_01_04_Publicationanterieure_Referencepublication_Publicationjoue_Nature_Avisprofilacheteur,D_07_02_03_01_05_Publicationanterieure_Referencepublication_Publicationjoue_Nature_Avisexantevolontaire,D_07_02_03_01_06_Publicationanterieure_Referencepublication_Publicationjoue_Nature_Avismarche,D_07_02_03_01_07_Publicationanterieure_Referencepublication_Publicationjoue_Nature_Avissad,D_07_02_03_01_08_Publicationanterieure_Referencepublication_Publicationjoue_Nature_Avisconcours,D_07_02_03_01_09_Publicationanterieure_Referencepublication_Publicationjoue_Nature_Avisattribution,D_07_02_03_01_10_Publicationanterieure_Referencepublication_Publicationjoue_Nature_Autrespublcationsanterieures,D_07_02_03_02_Publicationanterieure_Referencepublication_Publicationjoue_Annee,D_07_02_03_03_Publicationanterieure_Referencepublication_Publicationjoue_Numparution,D_07_02_03_04_Publicationanterieure_Referencepublication_Publicationjoue_Numannonce,D_07_02_03_05_Publicationanterieure_Referencepublication_Publicationjoue_Datepublication,D_07_03_Publicationanterieure_Non
0,20-78226,False,CF_NIV_SUIV,,,CF_NIV_SUIV,CF_NIV_SUIV,False,False,,False,False,False,,,False,False,,,,,True
1,20-96060,True,CF_NIV_SUIV,[],,CF_NIV_SUIV,CF_NIV_SUIV,False,False,,False,False,True,,,False,False,2019.0,213.0,523336.0,2019-11-04 23:00:00,False
2,21-14543,True,CF_NIV_SUIV,[],,CF_NIV_SUIV,CF_NIV_SUIV,False,False,,False,False,True,,,False,False,2021.0,48.0,120085.0,2021-03-09 23:00:00,False
3,21-30810,True,CF_NIV_SUIV,[],,CF_NIV_SUIV,CF_NIV_SUIV,False,False,,False,False,True,,,False,False,2020.0,45.0,106691.0,2020-03-03 23:00:00,False
4,21-36055,True,CF_NIV_SUIV,[],,CF_NIV_SUIV,CF_NIV_SUIV,False,False,,False,False,True,,,False,False,2020.0,187.0,449126.0,2020-09-24 22:00:00,False
5,21-36135,True,CF_NIV_SUIV,[],,CF_NIV_SUIV,CF_NIV_SUIV,False,False,,False,False,True,,,False,False,2020.0,149.0,365491.0,2020-08-03 22:00:00,False
6,21-41051,True,CF_NIV_SUIV,[],,CF_NIV_SUIV,CF_NIV_SUIV,False,False,,False,False,True,,,False,False,2020.0,78.0,184457.0,2020-04-20 22:00:00,False
7,21-41498,True,CF_NIV_SUIV,[],,CF_NIV_SUIV,CF_NIV_SUIV,False,False,,False,False,True,,,False,False,2020.0,100.0,238906.0,2020-05-24 22:00:00,False
8,21-43520,True,CF_NIV_SUIV,[],,CF_NIV_SUIV,CF_NIV_SUIV,False,False,,False,False,True,,,False,False,2020.0,249.0,621182.0,2020-12-21 23:00:00,False
9,21-45712,True,CF_NIV_SUIV,[],,CF_NIV_SUIV,CF_NIV_SUIV,False,False,,False,False,True,,,False,False,2020.0,91.0,215992.0,2020-05-10 22:00:00,False
10,18-175349,True,CF_NIV_SUIV,[],,CF_NIV_SUIV,CF_NIV_SUIV,False,False,,False,False,False,,,False,False,2018.0,179.0,405986.0,,False
11,21-48924,True,CF_NIV_SUIV,[],,CF_NIV_SUIV,CF_NIV_SUIV,False,False,,False,False,True,,,False,False,2020.0,242.0,598169.0,2020-12-10 23:00:00,False
12,21-51009,True,CF_NIV_SUIV,[],,CF_NIV_SUIV,CF_NIV_SUIV,False,False,,False,False,True,,,False,False,2019.0,136.0,335259.0,2019-07-16 22:00:00,False
13,21-51839,True,CF_NIV_SUIV,[],,CF_NIV_SUIV,CF_NIV_SUIV,False,False,,False,False,True,,,False,False,2020.0,227.0,555390.0,2020-11-19 23:00:00,False
14,21-53558,True,CF_NIV_SUIV,[],,CF_NIV_SUIV,CF_NIV_SUIV,False,False,,False,False,True,,,False,False,2021.0,23.0,55834.0,2021-02-02 23:00:00,False
15,21-53862,True,CF_NIV_SUIV,[],,CF_NIV_SUIV,CF_NIV_SUIV,False,False,,False,False,False,,,False,True,2020.0,19.0,43357.0,2020-01-27 23:00:00,False
16,21-53896,True,CF_NIV_SUIV,[],,CF_NIV_SUIV,CF_NIV_SUIV,False,False,,False,False,False,,,True,False,2019.0,174.0,424870.0,2019-09-09 22:00:00,False
17,21-54562,True,CF_NIV_SUIV,[],,CF_NIV_SUIV,CF_NIV_SUIV,False,False,,False,False,True,,,False,False,2020.0,59.0,141601.0,2020-03-23 23:00:00,False
18,21-54846,True,CF_NIV_SUIV,[],,CF_NIV_SUIV,CF_NIV_SUIV,False,False,,False,False,True,,,False,False,2020.0,178.0,429352.0,2020-09-13 22:00:00,False
19,21-54876,True,CF_NIV_SUIV,[],,CF_NIV_SUIV,CF_NIV_SUIV,False,False,,False,False,True,,,False,False,2020.0,235.0,580358.0,2020-12-01 23:00:00,False
20,21-54929,True,CF_NIV_SUIV,[],,CF_NIV_SUIV,CF_NIV_SUIV,False,False,,False,False,True,,,False,False,2020.0,197.0,473594.0,2020-10-08 22:00:00,False
21,21-54961,True,CF_NIV_SUIV,[],,CF_NIV_SUIV,CF_NIV_SUIV,False,False,,False,False,True,,,False,False,2020.0,238.0,587238.0,2020-12-06 23:00:00,False
22,21-55193,True,CF_NIV_SUIV,[],,CF_NIV_SUIV,CF_NIV_SUIV,False,False,,False,False,True,,,False,False,2020.0,198.0,480109.0,2020-10-11 22:00:00,False
23,21-55259,False,CF_NIV_SUIV,,,CF_NIV_SUIV,CF_NIV_SUIV,False,False,,False,False,False,,,False,False,,,,,True
24,21-55474,True,CF_NIV_SUIV,[],,CF_NIV_SUIV,CF_NIV_SUIV,False,False,,False,False,True,,,False,False,2021.0,10.0,18586.0,2021-01-14 23:00:00,False
25,21-55539,False,CF_NIV_SUIV,,,CF_NIV_SUIV,CF_NIV_SUIV,False,False,,False,False,False,,,False,False,,,,,True
26,21-56157,True,CF_NIV_SUIV,[],,CF_NIV_SUIV,CF_NIV_SUIV,False,False,,False,False,True,,,False,False,2021.0,40.0,97401.0,2021-02-25 23:00:00,False
27,21-56240,True,CF_NIV_SUIV,[],,CF_NIV_SUIV,CF_NIV_SUIV,False,False,,False,False,True,,,False,False,2019.0,245.0,603230.0,2019-12-18 23:00:00,False
28,21-56440,True,CF_NIV_SUIV,[],,CF_NIV_SUIV,CF_NIV_SUIV,False,False,,False,False,True,,,False,False,2019.0,227.0,557367.0,2019-11-24 23:00:00,False
29,21-56543,True,CF_NIV_SUIV,[],,CF_NIV_SUIV,CF_NIV_SUIV,False,False,,False,False,True,,,False,False,2020.0,255.0,641336.0,2020-12-30 23:00:00,False
30,21-56629,True,CF_NIV_SUIV,[],,CF_NIV_SUIV,CF_NIV_SUIV,False,False,,False,False,True,,,False,False,2021.0,13.0,28003.0,2021-01-19 23:00:00,False
31,21-56762,True,CF_NIV_SUIV,[],,CF_NIV_SUIV,CF_NIV_SUIV,False,False,,False,False,False,,,False,False,2021.0,20.0,45894.0,2021-01-28 23:00:00,False
32,21-56969,True,CF_NIV_SUIV,[],,CF_NIV_SUIV,CF_NIV_SUIV,False,False,,False,False,False,,,False,False,2021.0,53.0,132645.0,2021-03-16 23:00:00,False
33,21-56994,True,CF_NIV_SUIV,[],,CF_NIV_SUIV,CF_NIV_SUIV,False,False,,False,False,True,,,False,False,2021.0,21.0,50225.0,2021-01-31 23:00:00,False
34,21-57260,True,CF_NIV_SUIV,[],,CF_NIV_SUIV,CF_NIV_SUIV,False,False,,False,False,False,,,False,False,2021.0,69.0,175272.0,2021-04-08 22:00:00,False
35,21-57268,True,CF_NIV_SUIV,[],,CF_NIV_SUIV,CF_NIV_SUIV,False,False,,False,False,False,,,False,False,2020.0,245.0,606568.0,2020-12-15 23:00:00,False
36,21-57278,True,CF_NIV_SUIV,[],,CF_NIV_SUIV,CF_NIV_SUIV,False,False,,False,False,True,,,False,False,2020.0,232.0,569739.0,2020-11-26 23:00:00,False
37,21-57281,True,CF_NIV_SUIV,[],,CF_NIV_SUIV,CF_NIV_SUIV,False,False,,False,False,True,,,False,False,2020.0,24.0,54641.0,2020-02-03 23:00:00,False
38,21-57294,True,CF_NIV_SUIV,[],,CF_NIV_SUIV,CF_NIV_SUIV,False,False,,False,False,False,,,False,False,2020.0,212.0,518027.0,2020-10-29 23:00:00,False
39,21-57303,True,CF_NIV_SUIV,[],,CF_NIV_SUIV,CF_NIV_SUIV,False,False,,False,False,False,,,False,False,2020.0,146.0,359622.0,2020-07-29 22:00:00,False
40,21-57315,True,CF_NIV_SUIV,[],,CF_NIV_SUIV,CF_NIV_SUIV,False,False,,False,False,False,,,False,False,2021.0,1.0,1038.0,2020-12-29 23:00:00,False
41,21-57329,True,CF_NIV_SUIV,[],,CF_NIV_SUIV,CF_NIV_SUIV,False,False,,False,False,False,,,False,False,2021.0,26.0,63511.0,2021-02-07 23:00:00,False
42,21-57330,True,CF_NIV_SUIV,[],,CF_NIV_SUIV,CF_NIV_SUIV,False,False,,False,False,False,,,False,False,2020.0,250.0,625060.0,2020-12-21 23:00:00,False
43,21-57334,True,CF_NIV_SUIV,[],,CF_NIV_SUIV,CF_NIV_SUIV,False,False,,False,False,False,,,False,False,2020.0,22.0,47433.0,2020-01-30 23:00:00,False
44,21-57336,True,CF_NIV_SUIV,[],,CF_NIV_SUIV,CF_NIV_SUIV,False,False,,False,False,True,,,False,False,2020.0,135.0,333187.0,2020-07-14 22:00:00,False
45,21-57337,True,CF_NIV_SUIV,[],,CF_NIV_SUIV,CF_NIV_SUIV,False,False,,False,False,False,,,False,False,2021.0,32.0,79040.0,2021-02-14 23:00:00,False
46,21-57340,True,CF_NIV_SUIV,[],,CF_NIV_SUIV,CF_NIV_SUIV,False,False,,False,False,False,,,False,False,2021.0,22.0,51574.0,2021-01-27 23:00:00,False
47,21-57348,True,CF_NIV_SUIV,[],,CF_NIV_SUIV,CF_NIV_SUIV,False,False,,False,False,False,,,False,False,2020.0,225.0,552712.0,2020-11-12 23:00:00,False
48,21-57352,True,CF_NIV_SUIV,[],,CF_NIV_SUIV,CF_NIV_SUIV,False,False,,False,False,False,,,False,False,2021.0,12.0,25276.0,2021-01-17 23:00:00,False
49,21-57357,True,CF_NIV_SUIV,[],,CF_NIV_SUIV,CF_NIV_SUIV,False,False,,False,False,False,,,False,False,2021.0,22.0,51938.0,2021-01-27 23:00:00,False
50,21-57358,True,CF_NIV_SUIV,[],,CF_NIV_SUIV,CF_NIV_SUIV,False,False,,False,False,False,,,False,False,2021.0,13.0,27963.0,2021-01-16 23:00:00,False
51,21-57369,True,CF_NIV_SUIV,[],,CF_NIV_SUIV,CF_NIV_SUIV,False,False,,False,False,False,,,False,False,2020.0,157.0,383014.0,2020-08-13 22:00:00,False
52,21-57373,True,CF_NIV_SUIV,[],,CF_NIV_SUIV,CF_NIV_SUIV,False,False,,False,False,True,,,False,False,2021.0,10.0,18611.0,2021-01-14 23:00:00,False
53,21-57374,True,CF_NIV_SUIV,[],,CF_NIV_SUIV,CF_NIV_SUIV,False,False,,False,False,True,,,False,False,2020.0,227.0,555269.0,2020-11-19 23:00:00,False
54,21-57383,True,CF_NIV_SUIV,[],,CF_NIV_SUIV,CF_NIV_SUIV,False,False,,False,False,True,,,False,False,2020.0,213.0,521109.0,2020-11-01 23:00:00,False
55,21-57395,True,CF_NIV_SUIV,[],,CF_NIV_SUIV,CF_NIV_SUIV,False,False,,False,False,True,,,False,False,2020.0,248.0,617599.0,2020-12-20 23:00:00,False
56,21-57396,True,CF_NIV_SUIV,[],,CF_NIV_SUIV,CF_NIV_SUIV,False,False,,False,False,False,,,False,False,2020.0,230.0,567234.0,2020-11-22 23:00:00,False
57,21-57397,True,CF_NIV_SUIV,[],,CF_NIV_SUIV,CF_NIV_SUIV,False,False,,False,False,False,,,False,False,2020.0,244.0,604798.0,2020-12-14 23:00:00,False
58,21-57406,True,CF_NIV_SUIV,[],,CF_NIV_SUIV,CF_NIV_SUIV,False,False,,False,False,False,,,False,False,2021.0,31.0,76549.0,2021-02-14 23:00:00,False
59,21-57410,True,CF_NIV_SUIV,[],,CF_NIV_SUIV,CF_NIV_SUIV,False,False,,False,False,False,,,False,False,2021.0,12.0,24300.0,2021-01-18 23:00:00,False
60,21-57411,True,CF_NIV_SUIV,[],,CF_NIV_SUIV,CF_NIV_SUIV,False,False,,False,False,False,,,False,False,2021.0,32.0,79053.0,2021-02-15 23:00:00,False
61,21-57451,True,CF_NIV_SUIV,[],,CF_NIV_SUIV,CF_NIV_SUIV,False,False,,False,False,False,,,False,False,2021.0,26.0,63551.0,2021-02-02 23:00:00,False
62,21-57454,True,CF_NIV_SUIV,[],,CF_NIV_SUIV,CF_NIV_SUIV,False,False,,False,False,False,,,False,False,2020.0,130.0,319213.0,2020-07-02 22:00:00,False
63,21-57464,False,CF_NIV_SUIV,,,CF_NIV_SUIV,CF_NIV_SUIV,False,False,,False,False,False,,,False,False,,,,,True
64,21-57489,True,CF_NIV_SUIV,[],,CF_NIV_SUIV,CF_NIV_SUIV,False,False,,False,False,False,,,False,False,2020.0,239.0,591086.0,2020-12-07 23:00:00,False
65,21-57495,True,CF_NIV_SUIV,[],,CF_NIV_SUIV,CF_NIV_SUIV,False,False,,False,False,False,,,False,False,2021.0,40.0,97481.0,2021-02-25 23:00:00,False
66,21-57502,True,CF_NIV_SUIV,[],,CF_NIV_SUIV,CF_NIV_SUIV,False,False,,False,False,False,,,False,False,2016.0,197.0,355157.0,,False
67,21-57505,True,CF_NIV_SUIV,[],,CF_NIV_SUIV,CF_NIV_SUIV,False,False,,False,False,False,,,False,False,2021.0,36.0,89036.0,2021-02-21 23:00:00,False
68,21-57507,True,CF_NIV_SUIV,[],,CF_NIV_SUIV,CF_NIV_SUIV,False,False,,False,False,False,,,False,False,2021.0,33.0,82538.0,2021-02-11 23:00:00,False
69,21-57526,True,CF_NIV_SUIV,[],,CF_NIV_SUIV,CF_NIV_SUIV,False,False,,False,False,False,,,False,False,2020.0,239.0,590918.0,2020-12-07 23:00:00,False
70,21-57527,True,CF_NIV_SUIV,[],,CF_NIV_SUIV,CF_NIV_SUIV,False,False,,False,False,False,,,False,False,2021.0,15.0,30606.0,2021-01-21 23:00:00,False
71,21-57529,True,CF_NIV_SUIV,[],,CF_NIV_SUIV,CF_NIV_SUIV,False,False,,False,False,False,,,False,False,2020.0,237.0,584455.0,2020-12-03 23:00:00,False
72,21-57533,True,CF_NIV_SUIV,[],,CF_NIV_SUIV,CF_NIV_SUIV,False,False,,False,False,False,,,False,False,2020.0,199.0,481718.0,2020-10-12 22:00:00,False
73,21-57538,True,CF_NIV_SUIV,[],,CF_NIV_SUIV,CF_NIV_SUIV,False,False,,False,False,True,,,False,False,2021.0,23.0,55844.0,2021-02-02 23:00:00,False
74,21-57546,False,CF_NIV_SUIV,,,CF_NIV_SUIV,CF_NIV_SUIV,False,False,,False,False,False,,,False,False,,,,,True
75,21-57553,True,CF_NIV_SUIV,[],,CF_NIV_SUIV,CF_NIV_SUIV,False,False,,False,False,False,,,False,False,2020.0,49.0,115139.0,2020-03-09 23:00:00,False
76,21-57554,True,CF_NIV_SUIV,[],,CF_NIV_SUIV,CF_NIV_SUIV,False,False,,False,False,False,,,False,False,2020.0,129.0,316740.0,2020-07-06 22:00:00,False
77,21-57555,True,CF_NIV_SUIV,[],,CF_NIV_SUIV,CF_NIV_SUIV,False,False,,False,False,False,,,False,False,2020.0,205.0,499944.0,,False
78,21-57556,True,CF_NIV_SUIV,[],,CF_NIV_SUIV,CF_NIV_SUIV,False,False,,False,False,False,,,False,False,2020.0,238.0,587557.0,2020-12-06 23:00:00,False
79,21-57557,True,CF_NIV_SUIV,[],,CF_NIV_SUIV,CF_NIV_SUIV,False,False,,False,False,False,,,False,False,2020.0,240.0,593817.0,2020-12-08 23:00:00,False
80,21-57558,True,CF_NIV_SUIV,[],,CF_NIV_SUIV,CF_NIV_SUIV,False,False,,False,False,False,,,False,False,2021.0,8.0,14309.0,2021-01-12 23:00:00,False
81,21-57559,True,CF_NIV_SUIV,[],,CF_NIV_SUIV,CF_NIV_SUIV,False,False,,False,False,False,,,False,False,2020.0,240.0,593770.0,2020-12-08 23:00:00,False
82,21-57563,True,CF_NIV_SUIV,[],,CF_NIV_SUIV,CF_NIV_SUIV,False,False,,False,False,False,,,False,False,2021.0,8.0,14303.0,2021-01-12 23:00:00,False
83,21-57582,True,CF_NIV_SUIV,[],,CF_NIV_SUIV,CF_NIV_SUIV,False,False,,False,False,False,,,False,False,2021.0,30.0,73576.0,2021-04-28 22:00:00,False
84,21-57589,True,CF_NIV_SUIV,[],,CF_NIV_SUIV,CF_NIV_SUIV,False,False,,False,False,False,,,False,False,2020.0,4.0,5802.0,2020-01-06 23:00:00,False
85,21-57590,True,CF_NIV_SUIV,[],,CF_NIV_SUIV,CF_NIV_SUIV,False,False,,False,False,False,,,False,False,2020.0,51.0,121074.0,2020-03-11 23:00:00,False
86,21-57591,True,CF_NIV_SUIV,[],,CF_NIV_SUIV,CF_NIV_SUIV,False,False,,False,False,False,,,False,False,2020.0,238.0,588419.0,2020-12-06 23:00:00,False
87,21-57594,True,CF_NIV_SUIV,[],,CF_NIV_SUIV,CF_NIV_SUIV,False,False,,False,False,False,,,False,False,2020.0,249.0,619287.0,2020-12-21 23:00:00,False
88,21-57595,True,CF_NIV_SUIV,[],,CF_NIV_SUIV,CF_NIV_SUIV,False,False,,False,False,False,,,False,False,2021.0,15.0,30718.0,2021-01-21 23:00:00,False
89,21-57596,True,CF_NIV_SUIV,[],,CF_NIV_SUIV,CF_NIV_SUIV,False,False,,False,False,False,,,False,False,2021.0,47.0,117540.0,2021-03-08 23:00:00,False
90,21-57623,True,CF_NIV_SUIV,[],,CF_NIV_SUIV,CF_NIV_SUIV,False,False,,False,False,False,,,False,False,2021.0,21.0,50171.0,2021-01-31 23:00:00,False
91,21-57644,True,CF_NIV_SUIV,[],,CF_NIV_SUIV,CF_NIV_SUIV,False,False,,False,False,True,,,False,False,2021.0,15.0,32248.0,2021-01-21 23:00:00,False
92,21-57657,True,CF_NIV_SUIV,[],,CF_NIV_SUIV,CF_NIV_SUIV,False,False,,False,False,False,,,False,False,2020.0,249.0,621281.0,2020-12-21 23:00:00,False
93,21-57667,True,CF_NIV_SUIV,[],,CF_NIV_SUIV,CF_NIV_SUIV,False,False,,False,False,False,,,False,False,2020.0,200.0,485486.0,2020-10-13 22:00:00,False
94,21-57673,True,CF_NIV_SUIV,[],,CF_NIV_SUIV,CF_NIV_SUIV,False,False,,False,False,False,,,False,False,2021.0,28.0,69273.0,2021-02-09 23:00:00,False
95,21-57691,True,CF_NIV_SUIV,[],,CF_NIV_SUIV,CF_NIV_SUIV,False,False,,False,False,False,,,False,False,2020.0,132.0,323086.0,2020-07-09 22:00:00,False
96,21-57703,True,CF_NIV_SUIV,[],,CF_NIV_SUIV,CF_NIV_SUIV,False,False,,False,False,False,,,False,False,2020.0,212.0,518087.0,2020-10-25 23:00:00,False
97,21-57709,True,CF_NIV_SUIV,[],,CF_NIV_SUIV,CF_NIV_SUIV,False,False,,False,False,False,,,False,False,2020.0,210.0,513413.0,2020-10-27 23:00:00,False
98,21-57713,True,CF_NIV_SUIV,[],,CF_NIV_SUIV,CF_NIV_SUIV,False,False,,False,False,False,,,False,False,2021.0,7.0,11717.0,2021-01-11 23:00:00,False
99,21-57723,True,CF_NIV_SUIV,[],,CF_NIV_SUIV,CF_NIV_SUIV,False,False,,False,False,False,,,False,False,2021.0,52.0,131114.0,2021-03-15 23:00:00,False
100,21-57747,True,CF_NIV_SUIV,[],,CF_NIV_SUIV,CF_NIV_SUIV,False,False,,False,False,True,,,False,False,2020.0,202.0,489512.0,2020-10-15 22:00:00,False
101,21-57748,True,CF_NIV_SUIV,[],,CF_NIV_SUIV,CF_NIV_SUIV,False,False,,False,False,False,,,False,False,2020.0,222.0,542139.0,2020-11-12 23:00:00,False
102,21-57749,True,CF_NIV_SUIV,[],,CF_NIV_SUIV,CF_NIV_SUIV,False,False,,False,False,False,,,False,False,2020.0,229.0,564448.0,2020-11-23 23:00:00,False
103,21-57752,True,CF_NIV_SUIV,[],,CF_NIV_SUIV,CF_NIV_SUIV,False,False,,False,False,False,,,False,False,2021.0,22.0,51937.0,2021-02-01 23:00:00,False
104,21-57753,True,CF_NIV_SUIV,[],,CF_NIV_SUIV,CF_NIV_SUIV,False,False,,False,False,False,,,False,False,2021.0,23.0,55838.0,2021-02-02 23:00:00,False
105,21-57767,True,CF_NIV_SUIV,[],,CF_NIV_SUIV,CF_NIV_SUIV,False,False,,False,False,False,,,False,False,2020.0,229.0,564392.0,2020-11-20 23:00:00,False
106,21-57770,True,CF_NIV_SUIV,[],,CF_NIV_SUIV,CF_NIV_SUIV,False,False,,False,False,False,,,False,False,2020.0,230.0,565861.0,2020-11-24 23:00:00,False
107,21-57772,True,CF_NIV_SUIV,[],,CF_NIV_SUIV,CF_NIV_SUIV,False,False,,False,False,False,,,False,False,2020.0,232.0,571237.0,2020-11-26 23:00:00,False
108,21-57773,True,CF_NIV_SUIV,[],,CF_NIV_SUIV,CF_NIV_SUIV,False,False,,False,False,False,,,False,False,2020.0,197.0,476152.0,2020-10-08 22:00:00,False
109,21-57781,True,CF_NIV_SUIV,[],,CF_NIV_SUIV,CF_NIV_SUIV,False,False,,False,False,False,,,False,False,2021.0,57.0,143417.0,2021-07-27 22:00:00,False
110,21-57785,True,CF_NIV_SUIV,[],,CF_NIV_SUIV,CF_NIV_SUIV,False,False,,False,False,False,,,False,False,2021.0,20.0,43570.0,2021-01-28 23:00:00,False
111,21-57799,True,CF_NIV_SUIV,[],,CF_NIV_SUIV,CF_NIV_SUIV,False,False,,False,False,False,,,False,False,2021.0,8.0,13394.0,2021-01-12 23:00:00,False
112,21-57801,True,CF_NIV_SUIV,[],,CF_NIV_SUIV,CF_NIV_SUIV,False,False,,False,False,True,,,False,False,2020.0,132.0,323999.0,2020-07-09 22:00:00,False
113,21-57807,True,CF_NIV_SUIV,[],,CF_NIV_SUIV,CF_NIV_SUIV,False,False,,False,False,False,,,False,False,2021.0,56.0,140701.0,2021-03-21 23:00:00,False
114,21-57812,True,CF_NIV_SUIV,[],,CF_NIV_SUIV,CF_NIV_SUIV,False,False,,False,False,False,,,False,False,2021.0,33.0,82569.0,2021-02-13 23:00:00,False
115,21-57813,True,CF_NIV_SUIV,[],,CF_NIV_SUIV,CF_NIV_SUIV,False,False,,False,False,False,,,False,False,2020.0,100.0,241409.0,,False
116,21-57832,True,CF_NIV_SUIV,[],,CF_NIV_SUIV,CF_NIV_SUIV,False,False,,False,False,False,,,False,False,2020.0,207.0,503863.0,2020-10-22 22:00:00,False
117,21-57834,True,CF_NIV_SUIV,[],,CF_NIV_SUIV,CF_NIV_SUIV,False,False,,False,False,False,,,False,False,2020.0,208.0,508099.0,2020-10-25 23:00:00,False
118,21-57835,True,CF_NIV_SUIV,[],,CF_NIV_SUIV,CF_NIV_SUIV,False,False,,False,False,False,,,False,False,2021.0,7.0,10835.0,2021-01-06 23:00:00,False
119,21-57836,True,CF_NIV_SUIV,[],,CF_NIV_SUIV,CF_NIV_SUIV,False,False,,False,False,False,,,False,False,2020.0,208.0,507169.0,2020-10-25 23:00:00,False
120,21-57839,True,CF_NIV_SUIV,[],,CF_NIV_SUIV,CF_NIV_SUIV,False,False,,False,False,False,,,False,False,2021.0,16.0,36518.0,2021-01-24 23:00:00,False
121,21-57841,True,CF_NIV_SUIV,[],,CF_NIV_SUIV,CF_NIV_SUIV,False,False,,False,False,False,,,False,False,2021.0,23.0,55720.0,2021-02-02 23:00:00,False
122,21-57843,True,CF_NIV_SUIV,[],,CF_NIV_SUIV,CF_NIV_SUIV,False,False,,False,False,False,,,False,False,2020.0,243.0,602091.0,2020-12-13 23:00:00,False
123,21-57864,True,CF_NIV_SUIV,[],,CF_NIV_SUIV,CF_NIV_SUIV,False,False,,False,False,False,,,False,False,2021.0,13.0,28035.0,2021-01-19 23:00:00,False
124,21-57868,True,CF_NIV_SUIV,[],,CF_NIV_SUIV,CF_NIV_SUIV,False,False,,False,False,False,,,False,False,2021.0,35.0,85174.0,2021-02-18 23:00:00,False
125,21-57877,True,CF_NIV_SUIV,[],,CF_NIV_SUIV,CF_NIV_SUIV,False,False,,False,False,False,,,False,False,2020.0,249.0,620990.0,2020-12-21 23:00:00,False
126,21-57935,True,CF_NIV_SUIV,[],,CF_NIV_SUIV,CF_NIV_SUIV,False,False,,False,False,False,,,False,False,2020.0,222.0,544960.0,2020-11-12 23:00:00,False
127,21-57944,True,CF_NIV_SUIV,[],,CF_NIV_SUIV,CF_NIV_SUIV,False,False,,False,False,False,,,False,False,2020.0,144.0,353679.0,2020-07-27 22:00:00,False
128,21-57969,True,CF_NIV_SUIV,[],,CF_NIV_SUIV,CF_NIV_SUIV,False,False,,False,False,False,,,False,False,2021.0,33.0,82704.0,2021-02-16 23:00:00,False
129,21-57970,True,CF_NIV_SUIV,[],,CF_NIV_SUIV,CF_NIV_SUIV,False,False,,False,False,False,,,False,False,2021.0,11.0,22584.0,2021-01-17 23:00:00,False
130,21-57976,True,CF_NIV_SUIV,[],,CF_NIV_SUIV,CF_NIV_SUIV,False,False,,False,False,False,,,False,False,2020.0,159.0,388174.0,2020-08-17 22:00:00,False
131,21-58021,True,CF_NIV_SUIV,,,CF_NIV_SUIV,CF_NIV_SUIV,False,False,,False,False,False,,,False,False,,,,,False
132,21-58023,True,CF_NIV_SUIV,[],,CF_NIV_SUIV,CF_NIV_SUIV,False,False,,False,False,True,,,False,False,2020.0,198.0,479186.0,2020-10-11 22:00:00,False
133,21-58025,True,CF_NIV_SUIV,[],,CF_NIV_SUIV,CF_NIV_SUIV,False,False,,False,False,False,,,False,True,2019.0,64.0,150116.0,2019-03-31 22:00:00,False
134,21-58032,True,CF_NIV_SUIV,,,CF_NIV_SUIV,CF_NIV_SUIV,False,False,,False,False,False,,,False,False,,,,,False
135,21-58034,True,CF_NIV_SUIV,[],,CF_NIV_SUIV,CF_NIV_SUIV,False,False,,False,False,False,,,False,False,2021.0,5.0,6300.0,2021-01-07 23:00:00,False
136,21-58039,True,CF_NIV_SUIV,[],,CF_NIV_SUIV,CF_NIV_SUIV,False,False,,False,False,False,,,False,True,2019.0,50.0,116298.0,2019-03-11 23:00:00,False
137,21-58044,True,CF_NIV_SUIV,[],,CF_NIV_SUIV,CF_NIV_SUIV,False,False,,False,False,False,,,False,False,2021.0,25.0,58615.0,2021-04-29 22:00:00,False
138,21-58063,True,CF_NIV_SUIV,[],,CF_NIV_SUIV,CF_NIV_SUIV,False,False,,False,False,True,,,False,False,2021.0,20.0,46182.0,2021-01-28 23:00:00,False
139,21-58072,True,CF_NIV_SUIV,[],,CF_NIV_SUIV,CF_NIV_SUIV,False,False,,False,False,False,,,False,False,2020.0,250.0,624988.0,2020-12-22 23:00:00,False
140,21-58073,True,CF_NIV_SUIV,[],,CF_NIV_SUIV,CF_NIV_SUIV,False,False,,False,False,False,,,False,False,2021.0,21.0,49265.0,2021-01-31 23:00:00,False
141,21-58075,True,CF_NIV_SUIV,[],,CF_NIV_SUIV,CF_NIV_SUIV,False,False,,False,False,False,,,False,False,2021.0,63.0,158782.0,2021-03-30 22:00:00,False
142,21-58077,True,CF_NIV_SUIV,[],,CF_NIV_SUIV,CF_NIV_SUIV,False,False,,False,False,False,,,False,False,2020.0,229.0,564499.0,2020-11-23 23:00:00,False
143,21-58090,True,CF_NIV_SUIV,[],,CF_NIV_SUIV,CF_NIV_SUIV,False,False,,False,False,False,,,False,False,2021.0,45.0,111969.0,2021-03-04 23:00:00,False
144,21-58097,True,CF_NIV_SUIV,[],,CF_NIV_SUIV,CF_NIV_SUIV,False,False,,False,False,True,,,False,False,2020.0,229.0,564424.0,2020-11-23 23:00:00,False
145,21-58101,True,CF_NIV_SUIV,[],,CF_NIV_SUIV,CF_NIV_SUIV,False,False,,False,False,True,,,False,False,2021.0,21.0,50072.0,2021-01-31 23:00:00,False
146,21-58142,False,CF_NIV_SUIV,,,CF_NIV_SUIV,CF_NIV_SUIV,False,False,,False,False,False,,,False,False,,,,,True
147,21-58159,True,CF_NIV_SUIV,[],,CF_NIV_SUIV,CF_NIV_SUIV,False,False,,False,False,False,,,False,False,2021.0,10.0,16736.0,2021-01-14 23:00:00,False
148,21-58161,True,CF_NIV_SUIV,[],,CF_NIV_SUIV,CF_NIV_SUIV,False,False,,False,False,False,,,False,False,2021.0,17.0,39057.0,2021-01-25 23:00:00,False
149,21-58168,True,CF_NIV_SUIV,[],,CF_NIV_SUIV,CF_NIV_SUIV,False,False,,False,False,False,,,False,False,2021.0,20.0,46358.0,2021-01-28 23:00:00,False
150,21-58169,True,CF_NIV_SUIV,[],,CF_NIV_SUIV,CF_NIV_SUIV,False,False,,False,False,False,,,False,False,2021.0,11.0,22519.0,2021-01-17 23:00:00,False
151,21-58170,True,CF_NIV_SUIV,[],,CF_NIV_SUIV,CF_NIV_SUIV,False,False,,False,False,False,,,False,False,2021.0,6.0,9033.0,2021-01-10 23:00:00,False
152,21-58176,True,CF_NIV_SUIV,[],,CF_NIV_SUIV,CF_NIV_SUIV,False,False,,False,False,True,,,False,False,2020.0,214.0,523535.0,2020-11-02 23:00:00,False
153,21-58180,True,CF_NIV_SUIV,[],,CF_NIV_SUIV,CF_NIV_SUIV,False,False,,False,False,False,,,False,False,2021.0,12.0,25204.0,2021-01-18 23:00:00,False
